Model,Accuracy,Precision,Recall,F1 Score
Random Forest,0.9987,0.9957106936843663,0.9965951147298298,0.996152707901746
XGBoost,0.998575,0.9926448955575169,0.9989637305699481,0.995794289087287
Logistic Regression,0.9437,0.7648511939771792,0.9625462620281273,0.8523859465128474
One-Class SVM,0.798575,0.4337741607324517,0.6312361213915618,0.5141995779318661
Isolation Forest,0.79605,0.4270410816432657,0.6078460399703923,0.5016493585827734