Model,Accuracy,Precision,Recall,F1 Score
XGBoost,0.998825,0.9941072480848556,0.9989637305699481,0.9965295724728642
Random Forest,0.998625,0.9955621301775148,0.996299037749815,0.9959304476507584
Logistic Regression,0.9437,0.7648511939771792,0.9625462620281273,0.8523859465128474
One-Class SVM,0.798575,0.4337741607324517,0.6312361213915618,0.5141995779318661
Isolation Forest,0.79605,0.4270410816432657,0.6078460399703923,0.5016493585827734
